id,first_name,last_name,alias,employeeNumber,creditCardNumber
1,Christopher,Davis,cdavis0,71-6270100,4026943102495671
2,Raymond,Ward,,,4175008448817795
3,Bonnie,Owens,bowens2,32-7215531,5168426154313005
4,Lois,Snyder,lsnyder3,13-3644896,5048371709824138
5,Sharon,Bishop,sbishop4,44-5906145,589342453958468027
6,Harold,Fowler,,,5100139978148934
7,Larry,Rogers,lrogers6,,3534671627341651
8,Laura,Lawrence,llawrence7,60-9066139,374283374915627
9,Paul,Castillo,,54-8220827,3545680388853298
10,Dennis,Stephens,,66-2256946,3587325474606775
11,Denise,Reed,,84-4725943,201408670946294
12,Randy,Castillo,rcastillob,26-9840177,3537806486396589
13,Dorothy,Hayes,dhayesc,73-2393951,561082236427107471
14,Andrew,Robinson,arobinsond,,5018253969782121
15,Joshua,Hart,jharte,86-1791108,3574673147165215
16,Martin,Brown,mbrownf,,3564918784611522
17,Kevin,Burton,kburtong,,561074818606152038
18,Gloria,Baker,gbakerh,,5359365471636517
19,Carlos,Davis,cdavisi,65-2132757,3575791528469706
20,Brandon,Reynolds,breynoldsj,33-7636126,337941366834132
21,Joshua,Davis,,57-8042796,36538701119015
22,Cheryl,Wheeler,cwheelerl,61-0140481,3531751621376334
23,Michelle,Myers,mmyersm,34-4849336,63046388955881092
24,Ashley,Garza,agarzan,72-5244481,30536047380586
25,Jack,Crawford,,19-3313539,4026434080778635
26,Timothy,Hall,,,6762562235181310476
27,Doris,Black,dblackq,13-4505540,3559348020659936
28,Joan,Jones,,00-1119677,3528804788204768
29,Brian,Alexander,balexanders,,6759828263402789860
30,Julie,Flores,jflorest,,3565454372977991
31,Antonio,Gomez,agomezu,67-2843099,5100175356265510
32,Shawn,Gordon,sgordonv,27-9019093,5048376146284796
33,Patrick,Berry,pberryw,,63042947222247181
34,Larry,Adams,ladamsx,04-0005567,5276777213440539
35,Johnny,Burke,jburkey,24-2102657,3552145651597337
36,Andrew,Vasquez,avasquezz,42-8786635,5602243298866909158
37,Todd,Young,tyoung10,38-2064987,4041599065293338
38,Julia,Campbell,,02-4445969,3559934565118154
39,Shawn,Mendoza,smendoza12,,3571117608605965
40,Teresa,Hamilton,,,30129789995397
41,Lillian,Lee,llee14,24-3581173,30004689663777
42,Debra,Reid,dreid15,78-3367983,343943607378111
43,Julie,Robertson,jrobertson16,24-5918112,3572903048436619
44,Alice,Hanson,ahanson17,14-8816837,36355210466633
45,Joan,Carpenter,jcarpenter18,27-4195382,3560640963592414
46,Patrick,Franklin,pfranklin19,01-0878273,5100135568659710
47,Gregory,West,gwest1a,89-6597729,676135601069779676
48,Bonnie,Nguyen,bnguyen1b,,6334063899825911262
49,Katherine,Ramos,kramos1c,,5641821068439631698
50,Billy,Knight,bknight1d,90-6722087,5209058205252394
51,Bonnie,Henry,,65-7388144,564182474425884998
52,Nicholas,Richards,nrichards1f,77-6923462,5569663104153843
53,Nicholas,Day,,03-1862215,5602235307910185
54,Ronald,Shaw,,,3585239712195982
55,Joe,Hall,jhall1i,17-2226746,630498812304002950
56,Sara,Hawkins,shawkins1j,21-6856389,3582254812365511
57,Ruth,Ferguson,rferguson1k,,3552591773090810
58,Raymond,Stanley,rstanley1l,60-0775538,5108756260446619
59,Russell,Hunter,rhunter1m,74-6744391,4175002143920277
60,Earl,Lawson,,67-5575792,5108751134389566
61,Kathy,Ruiz,kruiz1o,21-6090953,3573686188962291
62,Annie,Parker,,,6771287871297310
63,Christine,Ryan,cryan1q,77-8777037,3559961291025528
64,Jean,James,jjames1r,07-3637069,4789821438656
65,Ernest,Hill,ehill1s,19-2467205,3581665317944727
66,Joe,Kim,jkim1t,53-4565811,3589707851099138
67,Jesse,Harper,jharper1u,,3552302620040226
68,Chris,Diaz,,,3560996286895680
69,Heather,Shaw,,17-3912501,4026358068844046
70,Ronald,Henderson,rhenderson1x,74-6121942,3565683844375331
71,Angela,Brooks,,09-0198188,4917372414905437
72,Mary,Owens,mowens1z,,3532085069730523
73,Evelyn,Armstrong,earmstrong20,,30067307159833
74,Stephanie,Thompson,sthompson21,,374622647433084
75,Bruce,Gutierrez,bgutierrez22,,3531415495336580
76,Sharon,Gutierrez,sgutierrez23,54-2913510,677109917638491654
77,Steven,Russell,srussell24,81-0552102,5450419814256265
78,Kathryn,Bell,kbell25,41-6803094,5002350897816837
79,Frank,Montgomery,fmontgomery26,85-5544765,5100175723934178
80,Rose,Wallace,rwallace27,40-5255866,6376269662481872
81,Michael,Campbell,mcampbell28,93-7957423,337941014660368
82,Andrew,Kelly,,,5593895742897411
83,Douglas,Ford,dford2a,61-1710590,3535720331930884
84,Janice,Graham,jgraham2b,68-7517069,201868704844890
85,Patrick,Johnston,,92-6059710,3540671476404222
86,Rebecca,Peters,rpeters2d,91-5136820,5038659113260873161
87,Beverly,Franklin,,65-3060044,676263877948693080
88,Pamela,Baker,pbaker2f,25-2636689,3555047992590962
89,Stephanie,Harper,,,3576612708742044
90,Paul,Matthews,pmatthews2h,93-3868786,3584641121840663
91,Andrea,Watson,awatson2i,,5602218731937172
92,Christine,Stevens,cstevens2j,02-9285013,3565468518086509
93,Juan,Pierce,jpierce2k,60-4953091,3564974065438234
94,Lisa,Mills,lmills2l,35-9560799,4026919798031020
95,Adam,Torres,atorres2m,00-0133684,337941136697264
96,Kelly,Pierce,kpierce2n,92-7784957,50385486670582429
97,Jonathan,Martin,jmartin2o,43-2181662,3572517494474591
98,Russell,Warren,rwarren2p,,3553174768993303
99,Ryan,Olson,,10-3017587,3567311103388252
100,Howard,Snyder,hsnyder2r,29-8072319,5602247020681910
101,Kathy,Gray,kgray2s,,3535410910362036
102,Christina,Daniels,,37-8673684,3588981727039666
103,Arthur,Wheeler,awheeler2u,59-3932784,5108753380059141
104,Martin,Lawson,mlawson2v,74-7434906,3543327001012942
105,Lisa,Simpson,lsimpson2w,,3586109032277282
106,Arthur,Foster,afoster2x,97-8690343,3579907411975023
107,Marie,Washington,mwashington2y,65-4760696,3555460987745899
108,Roy,Williamson,,87-5896378,378917387829038
109,Philip,Grant,pgrant30,16-3627022,374283152792743
110,Kathryn,Riley,kriley31,76-5656771,4911738154847072574
111,Tina,Jackson,,56-4685162,5602243486338293
112,Roger,Owens,rowens33,93-1015395,3541693839529239
113,Evelyn,Cunningham,ecunningham34,36-9972424,6761408232955352
114,Douglas,Sanchez,dsanchez35,68-6239328,3589276037210829
115,Ralph,Young,ryoung36,17-6542075,5893448189889876
116,Douglas,Wright,dwright37,54-5624567,36983933714565
117,Stephanie,Perry,sperry38,09-3176386,4905944974548242958
118,Ann,Murphy,amurphy39,65-2935102,3559485154777314
119,Martin,Thomas,mthomas3a,54-9465103,3557718834583922
120,Marilyn,Burns,,71-8705389,3586400936711306
121,Steven,Williamson,swilliamson3c,28-7116120,36686331606883
122,Phillip,Robinson,,47-6813639,5108750201639630
123,Patricia,Nelson,pnelson3e,76-7849771,3575694865389513
124,Louis,Miller,lmiller3f,93-7043914,4175002510854653
125,Antonio,Dean,adean3g,07-9644692,30263355187624
126,Joyce,Lee,jlee3h,48-3894247,633110834580002951
127,Peter,Long,plong3i,13-0313557,4508113116036666
128,Anna,Brown,abrown3j,32-9789197,3543810353990971
129,James,Cox,jcox3k,96-7942641,5100146086712287
130,Dorothy,Robertson,drobertson3l,96-4567429,5610989803825996
131,Thomas,Alvarez,talvarez3m,16-1998205,3542785554456124
132,Jerry,Murray,jmurray3n,96-0753685,30462059113726
133,Helen,Brown,hbrown3o,73-0796071,4041593041940
134,Ernest,Martin,emartin3p,05-5379957,3565822103599468
135,Heather,Hart,hhart3q,51-8043353,3563892227224089
136,Janice,Moreno,,50-8149763,30549274331693
137,Justin,Griffin,jgriffin3s,39-4231058,5018944819443060263
138,Fred,Kelly,fkelly3t,,633358708498218951
139,Barbara,Carpenter,bcarpenter3u,81-3136194,201883875947596
140,Mark,Arnold,marnold3v,48-9557751,374622297617192
141,Bonnie,Frazier,,77-9788170,372301869543266
142,Stephanie,Jordan,sjordan3x,,5018938046836309879
143,Rebecca,Gonzales,rgonzales3y,17-1284590,201406966087229
144,Brandon,Young,byoung3z,34-5347746,3542438430335274
145,Jack,Williamson,jwilliamson40,,67619192114041566
146,Joseph,Adams,jadams41,43-7388547,374622438062209
147,Eric,Matthews,ematthews42,71-0399187,5602259776541248
148,Bobby,Sims,bsims43,16-7504741,5602223144641277301
149,Robin,Gonzalez,rgonzalez44,83-9451574,5602213066359944
150,Gerald,Riley,griley45,,201558462170170
151,Kelly,Flores,kflores46,,3534092378696187
152,Alan,Wallace,,,676209583945346444
153,Joseph,Fuller,jfuller48,20-6265331,5010126795211390
154,Gregory,Gilbert,ggilbert49,,3550493609097279
155,Mildred,George,mgeorge4a,50-2128514,201616202044889
156,Timothy,Peters,tpeters4b,57-7035935,5602217012867728
157,Justin,Nguyen,jnguyen4c,70-1382159,4903955223854972
158,Julie,Long,jlong4d,,3552684694531796
159,Anne,Morales,,,3556027484229690
160,Pamela,Reynolds,,14-2755495,3559873380703123
161,Kimberly,Berry,kberry4g,91-0701644,561049472650200855
162,Denise,Fowler,dfowler4h,93-5473720,5531566766564527
163,Keith,Wright,kwright4i,78-3359198,3555404937174529
164,Melissa,Gutierrez,mgutierrez4j,49-5087164,5234409171489305
165,Bonnie,Gibson,bgibson4k,,6767395037662503
166,Nicholas,Fuller,nfuller4l,,4905233367430955920
167,Anna,Welch,awelch4m,50-4357968,201745927166147
168,Juan,Garrett,,59-0674747,3539897782345519
169,Andrea,Morrison,,67-4434812,3534482831501290
170,David,Gutierrez,dgutierrez4p,06-1006172,67631006439662506
171,Robert,Hansen,rhansen4q,78-0369639,374283584618995
172,Stephen,Turner,sturner4r,90-3532971,3585091195992249
173,Paul,Perez,,89-1330444,3540832989859035
174,Jessica,Martinez,jmartinez4t,04-5619992,374288241201689
175,Carl,Elliott,celliott4u,73-7265267,3540963054305453
176,Betty,Kelley,bkelley4v,,4026116598040083
177,Frances,Collins,fcollins4w,71-3400568,3579593986367752
178,Angela,Fisher,afisher4x,,5100170143669033
179,Paula,Henry,phenry4y,,5010126797511870
180,Brenda,Phillips,bphillips4z,,3566179026343188
181,Paula,Torres,ptorres50,79-2418169,4508695563933858
182,Robin,Mendoza,rmendoza51,87-5416576,4026530382841300
183,Harold,Griffin,hgriffin52,35-0503069,5100178167713900
184,Carlos,Robinson,crobinson53,24-1871803,3546516836839787
185,Patricia,Young,pyoung54,49-2994723,4844203750748511
186,Virginia,Rose,vrose55,95-3245788,6334332709979745
187,Randy,Hudson,rhudson56,,3568475925665277
188,Anne,Howard,ahoward57,,560223754631873953
189,Johnny,Henry,,29-8139796,67094281950270506
190,Anthony,Adams,aadams59,63-9318610,676256720052775138
191,Jack,Bennett,jbennett5a,62-0104357,3555979863930564
192,Steven,Cunningham,scunningham5b,35-0015322,3528916139263119
193,Justin,Clark,jclark5c,37-4104548,56022108309364286
194,Michelle,Berry,,47-5888030,201665595403681
195,Philip,Cooper,pcooper5e,31-4216223,3538847687037498
196,Lillian,Gonzales,lgonzales5f,51-3183536,4903742767002056131
197,Tammy,Reynolds,treynolds5g,24-5754886,5258474120520494
198,Teresa,James,tjames5h,,676781722258996884
199,Frances,Holmes,fholmes5i,42-0006692,3553973545901889
200,Todd,Anderson,tanderson5j,,3534680529306142
201,Jane,Ramos,jramos5k,02-5309982,201816753858717
202,David,Young,,08-8149768,3539644648848173
203,Joseph,Morris,jmorris5m,24-1150071,56103054752297809
204,Brenda,Robertson,brobertson5n,98-8876109,5602228442472294
205,Evelyn,Parker,eparker5o,18-5645303,560221238459409605
206,Rachel,Elliott,relliott5p,,201819695387977
207,Robert,Gutierrez,,07-6927568,30495376662207
208,Roy,Armstrong,rarmstrong5r,87-1787546,3570927102688734
209,Jack,Berry,,05-2187795,3570750396645271
210,Lisa,Hayes,lhayes5t,,5602213790323867744
211,Timothy,Gibson,tgibson5u,44-4157283,201568670398422
212,Chris,Burton,,01-1190294,30185746167850
213,Paula,Rose,prose5w,51-5328458,30153339910805
214,Ann,Woods,,77-5734166,5120767524377163
215,Jerry,Sullivan,jsullivan5y,27-3295459,3550724128685636
216,Teresa,Austin,,73-6763789,3545593988331179
217,Douglas,Sanchez,dsanchez60,,3577678807005699
218,Melissa,Allen,mallen61,,201781199163256
219,Frank,Brown,fbrown62,83-1419663,5602252944540887
220,Juan,Flores,jflores63,59-4480237,5010127283683975
221,Albert,Hernandez,ahernandez64,,374288582664727
222,Roy,Kelley,rkelley65,33-2961532,3559191394290478
223,Victor,Mason,vmason66,89-1731486,3574868976551903
224,Bonnie,Washington,bwashington67,,3571807290769620
225,Billy,Sanchez,bsanchez68,,201516862400001
226,Kathryn,Brooks,kbrooks69,,3567806424154416
227,George,Cooper,gcooper6a,47-3942360,3563735829764251
228,Wanda,Turner,wturner6b,18-1932576,5641826148984362058
229,Teresa,Myers,,34-5596592,5010123205763771
230,Brian,Fields,bfields6d,,201527079928098
231,Steven,Gibson,sgibson6e,,5108752427846817
232,Robin,Reed,rreed6f,60-3037323,36255248838763
233,Stephen,Kelley,skelley6g,98-7877177,3573893048104094
234,Donald,Johnston,,40-4608562,3552555317884152
235,Dennis,Wagner,,52-2420594,5602213210593802
236,Brian,Dixon,bdixon6j,,374622848322904
237,Linda,Gilbert,lgilbert6k,10-5377982,3533166451856297
238,Chris,Stewart,cstewart6l,,3540457957515839
239,Peter,Wallace,,25-3650056,503899058649129843
240,Russell,Wood,rwood6n,,201583946710805
241,Howard,Martinez,hmartinez6o,18-3583307,6331103553369136194
242,Scott,Kelly,skelly6p,,5007666871841565
243,Carlos,George,cgeorge6q,53-2222505,3581187941880144
244,Roger,Welch,rwelch6r,,372301580322842
245,Stephanie,Harris,sharris6s,88-2535652,3553679015876564
246,Fred,Perez,fperez6t,77-0114765,30490714209399
247,Julia,Sims,jsims6u,16-8169815,201827581103598
248,Catherine,Morgan,cmorgan6v,23-2375187,6379204265677870
249,Phillip,Wagner,pwagner6w,31-4373243,374622070078562
250,Martha,White,,,5602217951207366148
251,Lori,Ward,,39-3888263,5048375994566049
252,Earl,Thompson,ethompson6z,66-6857930,374622865584279
253,Raymond,Young,ryoung70,,676744535413416804
254,Samuel,Davis,sdavis71,45-9815121,5018000247362899
255,Larry,Myers,,60-5128567,50388656299093126
256,Nancy,Gonzalez,,78-2356995,5100131656020931
257,Diana,Diaz,ddiaz74,,5602233227207323243
258,Emily,Sims,esims75,38-5068046,4041594846834
259,Catherine,King,cking76,82-1606304,5048371730787775
260,Clarence,Henry,chenry77,,5177769176925671
261,Joe,Stanley,jstanley78,58-9951658,374622580760758
262,Mark,Jones,mjones79,,4917436546618216
263,Diana,Baker,,87-6191309,5452027390679806
264,Carol,Weaver,cweaver7b,,5291102389389371
265,Doris,Mitchell,dmitchell7c,26-2911354,201677248211684
266,Julie,Ferguson,,96-7994405,4175006457964995
267,Dennis,Sims,dsims7e,27-6951416,3572252284471090
268,Virginia,Hamilton,vhamilton7f,85-3917279,56022265091032024
269,Earl,Chavez,echavez7g,08-5002700,5602226026477227376
270,Ryan,Diaz,rdiaz7h,50-9593962,3553921723581106
271,Laura,Cooper,lcooper7i,87-4177549,5361952515052987
272,Jacqueline,Kennedy,jkennedy7j,47-3753567,4041598189421
273,Dorothy,Gardner,dgardner7k,,4508736608067748
274,Judy,Rivera,jrivera7l,95-7643832,30053006892320
275,Walter,Fuller,wfuller7m,28-1002015,3575281112162099
276,Beverly,Mills,bmills7n,,5002358397704031
277,Irene,Richardson,irichardson7o,05-2112566,3550338965689948
278,Lawrence,Mason,lmason7p,22-9871120,3581621303499614
279,Alan,Long,along7q,,6393787972131662
280,Jonathan,Chavez,jchavez7r,,4508909929756881
281,Bonnie,Lawrence,blawrence7s,98-0127942,3569598645079906
282,Howard,Reyes,hreyes7t,65-7721155,4917211169971550
283,Harry,Murphy,,19-8508988,36939893998440
284,Theresa,Harrison,,56-7301041,4222651186484
285,Carlos,Stevens,,98-5360767,3577934647939070
286,Robin,Scott,rscott7x,09-5362682,3571370039932793
287,Kimberly,Mason,kmason7y,50-9297559,5038624231273386
288,Amanda,Carpenter,acarpenter7z,,3529690921569020
289,Jack,Wagner,jwagner80,53-6803929,3539547285936013
290,Jane,Turner,jturner81,56-7488658,4041370438616
291,Anthony,Anderson,,,3580735934482178
292,Diane,Banks,dbanks83,01-9073693,6304143364088542574
293,Norma,Roberts,nroberts84,12-0167816,3543167311669878
294,Antonio,Adams,aadams85,34-3885911,3576541819161101
295,Sharon,Ross,,31-3552977,5108756516586440
296,Jason,Holmes,jholmes87,96-7657744,3575573063160878
297,Michelle,Castillo,mcastillo88,,5602212339985451
298,Catherine,Myers,cmyers89,70-4042346,3581887965691851
299,Craig,Long,clong8a,22-7178819,3588573275915510
300,Sandra,Peterson,,74-9298092,372301925664296
301,Carolyn,Fields,cfields8c,,30239675603888
302,Roger,Lopez,rlopez8d,66-9428455,30348192285960
303,Wayne,Sanders,wsanders8e,,3589527272387361
304,Juan,Peters,,25-4042087,490570870952416161
305,Gerald,Jenkins,gjenkins8g,,56022201778121806
306,Jane,Thompson,jthompson8h,86-3651739,6759565298467713469
307,Peter,Gonzalez,,,3587599574338196
308,Diana,George,dgeorge8j,28-4204148,3558062344697115
309,Marilyn,Berry,mberry8k,,5602247764241483
310,Diana,Reed,dreed8l,09-1311196,3552592276131697
311,Ernest,Shaw,eshaw8m,49-8978684,5002358358267416
312,Jack,Reynolds,jreynolds8n,94-7794241,5315746254584417
313,Judy,Shaw,jshaw8o,20-4052597,3541038055962872
314,Willie,Myers,wmyers8p,93-1246827,36041330267115
315,Todd,Jones,tjones8q,63-6980764,3539635677067453
316,Randy,Castillo,rcastillo8r,,36009618978208
317,Nicholas,Snyder,nsnyder8s,50-9395058,6393610923805111
318,Louise,Webb,lwebb8t,,4905266025821513076
319,Albert,Fisher,afisher8u,80-0550632,5048375681005640
320,Michael,Alexander,,,30076943390033
321,Carolyn,Anderson,canderson8w,63-2565463,3583393172460915
322,Jack,Gonzales,,58-7275599,5117159390020777
323,David,Hawkins,dhawkins8y,01-5494311,3548519604925406
324,Norma,Martin,nmartin8z,,5100132487570524
325,Justin,Armstrong,jarmstrong90,90-7772334,3581407323425007
326,Carlos,Peters,,29-4842623,372301953787878
327,Lillian,Kim,lkim92,77-6568699,3556894822852446
328,Maria,Gutierrez,mgutierrez93,42-1780421,3543257089331239
329,Louis,Mason,lmason94,44-9967641,503804439907607171
330,David,Vasquez,,89-9887549,30101645284472
331,Jessica,Fields,jfields96,,3552938198651447
332,Jacqueline,Arnold,jarnold97,,5602216808966827
333,Justin,Sanchez,jsanchez98,70-0515785,5002357791241186
334,Marie,Hernandez,mhernandez99,93-3113035,0604375831208024343
335,Helen,Cox,hcox9a,85-6287462,4508886948586426
336,Paul,Bailey,pbailey9b,59-0537390,5602247366665329
337,Mildred,Perez,mperez9c,61-6896334,3587956694283381
338,Maria,Long,mlong9d,96-3726888,3546902662251497
339,Aaron,Morrison,amorrison9e,78-7134473,3581044117845494
340,Diane,Knight,dknight9f,,5038988722530505387
341,Katherine,Kelley,kkelley9g,87-2576475,3539285029046662
342,Johnny,Ford,jford9h,,3529109634020239
343,Pamela,Watkins,,98-1727660,3545947134564366
344,Kathleen,Arnold,karnold9j,97-3656796,3547102385806920
345,Todd,Davis,tdavis9k,06-5409773,3539562938463927
346,Teresa,Washington,twashington9l,,3551741665323883
347,Carol,Wheeler,,,4905277827154172
348,Ernest,Stanley,estanley9n,23-7497184,6771024757838648
349,Ernest,Lynch,elynch9o,19-0440493,5594869247695645
350,Juan,Olson,,,3535943622962974
351,Annie,Richardson,,58-5942528,3548794594022056
352,James,Knight,jknight9r,59-1529708,3584442158106361
353,Raymond,Harper,rharper9s,78-1073649,4911705317146046438
354,Benjamin,Sims,bsims9t,73-5497812,3546715134655693
355,Joyce,Roberts,,76-5915747,4405987994578855
356,Kathleen,Cox,,37-9481079,3560548785347760
357,Timothy,Simmons,tsimmons9w,85-3037322,4913486915544554
358,Bruce,Burke,bburke9x,02-0622962,3538901796988149
359,Judy,Webb,jwebb9y,97-2660374,337941462545053
360,Jesse,Phillips,jphillips9z,02-1935320,3568886436063549
361,Christine,Hunter,chuntera0,86-4481699,5436062878093072
362,Ashley,Lynch,,,3548897749848646
363,Chris,Vasquez,cvasqueza2,31-6717358,5100140284702323
364,Michelle,Little,,,6761284363522133
365,Sharon,Morgan,smorgana4,15-1397425,4026772988412355
366,Jesse,Harper,jharpera5,63-4625581,3536855512654272
367,Elizabeth,Hawkins,ehawkinsa6,15-1074436,3586178009298837
368,Maria,Moore,,,5602230575034438
369,Ann,Cole,,,3576070497710682
370,Janice,Reyes,jreyesa9,97-5961217,3550725862382264
371,Matthew,Daniels,mdanielsaa,,3535585536414046
372,Kathryn,Garrett,kgarrettab,82-1552542,6759060074786710
373,Amanda,Holmes,aholmesac,59-8864238,3576230020562717
374,Annie,Burton,aburtonad,85-8692847,30140342062898
375,Jose,Torres,,13-4857870,3537236224009247
376,Irene,Owens,iowensaf,,6759492694741348619
377,Dorothy,Marshall,dmarshallag,51-2023344,5602218568002025
378,Mildred,James,mjamesah,44-3543216,5007666931332431
379,Randy,Coleman,,34-7603689,560224711540965535
380,Teresa,Fowler,tfowleraj,51-0743941,5007669029008152
381,Justin,Marshall,jmarshallak,,5100175453610493
382,Linda,Welch,lwelchal,09-7174531,5602229286364316
383,Roy,Barnes,rbarnesam,68-2893629,30177128674884
384,Jessica,Perry,,02-6942072,30118769958178
385,Benjamin,Cox,bcoxao,68-2018059,5007668802020913
386,Angela,Jones,ajonesap,26-9057801,30378788033409
387,Arthur,Garcia,agarciaaq,,3538538194663476
388,Sharon,Taylor,staylorar,77-3352334,3534062457891199
389,Pamela,Scott,,29-8580929,3535401650365628
390,Sarah,Carter,scarterat,78-2962179,3581489459767287
391,Evelyn,Romero,eromeroau,12-1149893,67715036928671733
392,Alice,Griffin,agriffinav,84-0925944,3577625001913665
393,Donna,Stevens,dstevensaw,07-6463586,3537726078426737
394,Mark,Robertson,mrobertsonax,,3559983855431926
395,Eugene,Taylor,etayloray,62-5050292,3538340294702191
396,Cynthia,Bennett,cbennettaz,33-6003800,3560900642633702
397,Kathryn,Phillips,kphillipsb0,,3580936361383208
398,Jennifer,Greene,,47-4582512,4026126728782470
399,Thomas,Snyder,tsnyderb2,18-6205125,4405164517600380
400,Harry,Wheeler,hwheelerb3,96-4722766,5602227978091437
401,Jeffrey,Cunningham,,,3583999538523566
402,Tammy,Oliver,toliverb5,93-9886360,6771824141260426289
403,Pamela,Castillo,pcastillob6,56-0751900,5362039818312554
404,Virginia,Knight,vknightb7,78-7352275,6304918958883335
405,Earl,Carter,ecarterb8,,4911426469063082
406,Roy,Medina,,64-0294310,06047067356870023
407,Jeffrey,Roberts,,66-5368981,3583555623438233
408,Pamela,Scott,pscottbb,25-1243312,5576456420835016
409,Andrea,Shaw,,34-9813233,6304746185219200654
410,Johnny,Gardner,,,3578783094075261
411,Melissa,Lawrence,mlawrencebe,,5431598029079697
412,Sarah,Lynch,slynchbf,68-4516739,5447076620408468
413,Jane,Ward,jwardbg,96-5150994,3583937897053650
414,Helen,Ruiz,hruizbh,24-4954844,6759958641070823297
415,Earl,Reed,,91-6669814,5038812934465033
416,George,Bailey,gbaileybj,97-0096288,67591140404433441
417,Janet,Mccoy,jmccoybk,71-2218266,5100140071059572
418,Elizabeth,Bell,ebellbl,,5546463604109538
419,Linda,Lawrence,llawrencebm,,5048379198760531
420,Elizabeth,Hayes,ehayesbn,,3547995812642416
421,Scott,Sanders,ssandersbo,41-2476913,3567287604397937
422,Timothy,Little,tlittlebp,87-6002006,4017950140806
423,Diane,Stephens,dstephensbq,37-0092454,670664031101679266
424,Willie,White,wwhitebr,16-1939972,372301316456914
425,Jonathan,Nguyen,jnguyenbs,,5100130072812319
426,Jacqueline,Arnold,jarnoldbt,93-9549482,3579944758405041
427,Amy,Hunt,ahuntbu,10-2123515,374283218119386
428,Gerald,Owens,,82-6310271,6398144752875396
429,Brenda,Diaz,bdiazbw,54-4493135,56022118420226173
430,Alice,Lewis,alewisbx,07-1119080,5002351814773465
431,Kathy,Martin,kmartinby,62-4769173,36084003050442
432,Sarah,Fox,sfoxbz,,3556229873840117
433,Cheryl,Reyes,,,3538556052594526
434,Fred,Oliver,foliverc1,,56022298141255048
435,Karen,Garrett,kgarrettc2,44-2273069,3528188234254639
436,Carol,White,cwhitec3,25-8199873,3528769670581310
437,Amanda,Collins,acollinsc4,23-9125257,201914014681430
438,Victor,Nichols,vnicholsc5,80-8673435,3585052686516533
439,Wanda,Bailey,wbaileyc6,79-3965732,3531749335784223
440,Robert,Riley,rrileyc7,,3548919043446214
441,Doris,Powell,dpowellc8,40-3233191,30429254062156
442,Jonathan,Murray,jmurrayc9,27-1277086,3587982668908985
443,Roy,Fox,rfoxca,73-6751919,3538999799832157
444,Norma,Price,npricecb,,5602238275515291
445,Anthony,Murray,amurraycc,,5002352989083235
446,Gloria,Perry,gperrycd,77-6536774,56022555134690816
447,Richard,Knight,rknightce,34-9558057,3540109256394446
448,Timothy,Reynolds,treynoldscf,14-5941710,3545191808301132
449,Karen,Ruiz,kruizcg,80-9647813,630468299307908613
450,Dennis,Ford,dfordch,,30383384112722
451,Ronald,Griffin,rgriffinci,76-9450602,3578306810470051
452,Shirley,Bailey,sbaileycj,49-3813898,3529611385291018
453,Robin,Watkins,rwatkinsck,62-5386022,201590172267566
454,Linda,Baker,lbakercl,59-0505478,3571422913785993
455,Douglas,Collins,dcollinscm,,633110004227420905
456,Tammy,West,twestcn,,67634447890835057
457,Aaron,Weaver,aweaverco,12-6163535,30567106348867
458,Joshua,Torres,jtorrescp,83-3783304,5002359204408485
459,Ann,Woods,awoodscq,45-9760911,4936119934905588
460,Gary,Lawrence,glawrencecr,,30259146725888
461,Joshua,Austin,jaustincs,67-2910291,3553829792476167
462,Arthur,Wright,awrightct,62-2997491,4905927116765390083
463,Sarah,Kennedy,,15-7624478,4041597799915
464,Barbara,Arnold,barnoldcv,99-5056994,3539045935433531
465,Carlos,Russell,crussellcw,10-8253271,4844500744885618
466,Denise,Coleman,dcolemancx,,5602214739445268
467,Wayne,Willis,wwilliscy,30-0807337,3554470379323420
468,Judith,Kelley,jkelleycz,15-2062102,3545368440693247
469,Bobby,Thomas,bthomasd0,,3555805713780208
470,Brenda,Reynolds,breynoldsd1,82-5800970,4175006245683717
471,Judy,Perkins,jperkinsd2,36-2351858,3584062319148589
472,Willie,Gonzales,wgonzalesd3,,3563469202974234
473,Richard,Little,rlittled4,,3581808843930386
474,Robin,Tucker,rtuckerd5,,3573154994189005
475,Rebecca,Hudson,rhudsond6,76-5256826,3584246623288351
476,Judith,Perkins,jperkinsd7,89-3717147,3563046661215737
477,Pamela,Simpson,psimpsond8,44-4107826,3538727957494951
478,Shirley,Lewis,,20-2816596,3586207547911591
479,Russell,James,rjamesda,,3534064647215990
480,David,Thomas,dthomasdb,,5010121780177540
481,Marie,Cook,,,5397246283991908
482,Linda,Hansen,,01-7308761,493650984525784109
483,Andrea,Bell,,65-5155305,3581438309688797
484,Carolyn,Armstrong,carmstrongdf,,3567131089131843
485,Wanda,Payne,wpaynedg,95-7245830,3584157023010669
486,Patricia,Collins,pcollinsdh,72-6635702,3543478972491142
487,Ralph,Tucker,rtuckerdi,82-2694910,4936674735091673
488,Roger,Rodriguez,rrodriguezdj,,3582186610690486
489,Kenneth,Brooks,kbrooksdk,32-2341741,3545796809138687
490,Antonio,Richards,arichardsdl,05-4084643,5018939200043162
491,Charles,Evans,cevansdm,34-7692526,3577151769540632
492,Victor,Vasquez,vvasquezdn,36-5158334,201844554222131
493,Christopher,Cunningham,ccunninghamdo,,5189069352918194
494,Patricia,Edwards,pedwardsdp,,5610722556508792701
495,Lori,Black,lblackdq,,560222380676549505
496,Ryan,Walker,rwalkerdr,,4844477607816909
497,Mary,Schmidt,mschmidtds,,5893841731703308
498,Lawrence,Ward,lwarddt,70-4914901,3572406728686842
499,Alan,Perkins,,29-4420443,3544200713876269
500,Ruth,Webb,rwebbdv,59-5999626,5106731789169564
501,Roy,Peters,,57-1118498,67062940152621125
502,Christine,King,ckingdx,44-5106987,5641821193698464
503,Anthony,Stewart,astewartdy,82-4491925,3528844131449652
504,Clarence,Warren,cwarrendz,62-6491479,6304144470713648584
505,Wanda,Hansen,whansene0,87-0675285,3589680372164741
506,Lawrence,Hawkins,lhawkinse1,75-4470450,3564558899423551
507,Sara,Lane,slanee2,88-6233998,4913756597005854
508,Howard,Evans,,,3553649066807495
509,Carolyn,Kim,ckime4,82-7187604,3576938214969387
510,Diana,Alexander,,,201626932701401
511,Nicole,Gardner,ngardnere6,51-7159251,5602245073008890
512,Harry,Sanders,,39-8166406,3548840821493519
513,Sarah,Gray,sgraye8,13-2717420,5602216368797323
514,Patricia,Shaw,pshawe9,42-2820153,5492588322367218
515,Norma,Mitchell,nmitchellea,91-0729917,5602225148151536376
516,Andrew,Webb,awebbeb,62-9489446,6398389325201311
517,Marilyn,Cook,mcookec,93-4166489,3550788423501301
518,Paula,Rice,priceed,82-4037804,3572727999659337
519,Phyllis,Armstrong,parmstrongee,,374283077272169
520,Susan,Long,slongef,39-6881751,561098880598216942
521,Christina,Shaw,cshaweg,92-5983022,5602210423325687000
522,Jean,Romero,jromeroeh,49-7799073,374288109496249
523,Ryan,Kim,rkimei,03-1416361,676118185805399628
524,Melissa,Bennett,mbennettej,09-4440273,5419838458030696
525,Philip,Walker,,39-2533213,490548604210410784
526,Doris,Austin,daustinel,43-3995340,30098632784425
527,Roger,Bradley,,,56022134876728687
528,Julia,Bowman,jbowmanen,97-1307410,374622757425409
529,Ruby,Reyes,rreyeseo,18-7433708,4913741713608955
530,Brandon,Kelley,bkelleyep,83-7477539,3567192888294877
531,Anne,Gutierrez,agutierrezeq,65-6675514,5108752021537721
532,Debra,Franklin,dfrankliner,87-3295122,3578563431611824
533,Helen,Martinez,hmartinezes,56-6764181,5610785490012538
534,Christopher,Harvey,charveyet,83-6216080,4026982485919717
535,Jeffrey,Watkins,jwatkinseu,66-3128066,3557012859896108
536,Lisa,Burton,lburtonev,44-1689049,3563630028919949
537,Shirley,Barnes,sbarnesew,02-7823497,30353115542638
538,Tina,Perry,tperryex,33-6533023,4844706985645708
539,Melissa,Miller,mmillerey,,3550373827733311
540,Joseph,Jenkins,jjenkinsez,05-4033388,6333764922534900
541,Alan,Arnold,aarnoldf0,32-9010695,3564320038700195
542,Judith,Taylor,jtaylorf1,,5108753121515492
543,Kathleen,Coleman,kcolemanf2,06-9433196,3557829753744369
544,Gerald,Wood,gwoodf3,18-8305473,6759187096711583151
545,Jack,Turner,jturnerf4,85-7379256,56022551397112309
546,Anthony,Adams,aadamsf5,06-1446881,374288366635794
547,Mildred,Rodriguez,,75-1121413,201446788422659
548,Daniel,Wilson,dwilsonf7,,3567550360961075
549,Irene,Wells,iwellsf8,83-5486279,3539926965821036
550,Albert,Sims,asimsf9,17-9068752,3532434662449646
551,Elizabeth,Gonzalez,egonzalezfa,77-8053349,3557492150358703
552,Denise,Patterson,dpattersonfb,50-7543791,3529590159379094
553,Joshua,Hill,jhillfc,,4026092540260097
554,Patricia,Phillips,pphillipsfd,,201719905801181
555,David,Sims,dsimsfe,54-4204541,201585906209363
556,Ralph,Jordan,,85-7964324,3561664318582549
557,Jennifer,Morales,jmoralesfg,71-3301375,36403963515444
558,Patricia,Henry,phenryfh,,5602234473230866
559,Ryan,Morales,rmoralesfi,61-0075362,3575245899624811
560,Howard,Rose,hrosefj,,3541648217743711
561,Alice,Kim,,,3574701047045813
562,John,Coleman,jcolemanfl,25-4185254,6304898835559810167
563,Betty,Garrett,bgarrettfm,,3582380172248870
564,Ryan,Richards,rrichardsfn,56-6730469,36247481557085
565,Linda,Rivera,lriverafo,26-0070315,3586887052844558
566,Jose,Henry,jhenryfp,,5100175978605598
567,Susan,Snyder,ssnyderfq,64-9989010,5610267736869286
568,Janice,Stevens,jstevensfr,09-1569934,6762921147986642
569,Carl,Burton,cburtonfs,99-7076072,337941184582251
570,Helen,Martin,hmartinft,,3546379023937504
571,Brandon,Nelson,,,3567193740542735
572,Margaret,Price,mpricefv,70-8296088,6331101905591062485
573,Jason,Edwards,jedwardsfw,68-8249320,3532553137011812
574,Melissa,Willis,mwillisfx,,6761232443102475
575,Brenda,Berry,,,3560361773661279
576,Philip,Ryan,pryanfz,41-3009642,3540493532639398
577,Benjamin,Henderson,bhendersong0,,3579648588979410
578,Brian,Martinez,bmartinezg1,84-6997424,6759594985480948
579,Maria,Young,,,5007668386874651
580,Alice,Washington,awashingtong3,14-9134276,67612429478103310
581,Gary,Peterson,gpetersong4,,3530865336896518
582,Edward,Patterson,,58-1893575,4041599890688
583,Nicole,Carroll,ncarrollg6,93-3812732,676352392857349205
584,Peter,Reyes,preyesg7,,5002350953456973
585,Phyllis,Dixon,pdixong8,36-9170675,374622243465266
586,Michael,Cunningham,mcunninghamg9,42-4570835,3586231956957911
587,Kimberly,Day,kdayga,,4041593038851702
588,Cynthia,Bennett,,39-2975400,4917931097058804
589,Gregory,Reynolds,,67-3539595,6759244717519250633
590,Wanda,Johnson,wjohnsongd,,5018965396652597297
591,Paul,Wright,pwrightge,02-9020438,3548799783970304
592,Andrew,Hunter,ahuntergf,99-4284542,3589668859870344
593,Rachel,Mills,rmillsgg,13-2335414,3565465495944866
594,Annie,Simpson,asimpsongh,44-1806904,3587703188062560
595,Edward,Montgomery,emontgomerygi,08-0732658,201515780299099
596,Alan,Reynolds,,,201453146956857
597,Craig,Payne,cpaynegk,75-1538686,3552119844220438
598,Helen,King,hkinggl,72-3067822,3533339188025243
599,Stephanie,Robinson,srobinsongm,97-9319126,06046120223291567
600,William,Martinez,wmartinezgn,80-5642146,5602259153730216
601,Karen,Rivera,,22-2462031,3576478230187060
602,Eugene,Cunningham,ecunninghamgp,45-8355644,3541375334649619
603,Larry,Flores,lfloresgq,58-3945643,5048374762098244
604,Rachel,Stewart,rstewartgr,06-4509214,201594922251367
605,Donald,Dunn,ddunngs,90-7648112,5100139991294210
606,Patrick,Jackson,pjacksongt,,5610719535216960
607,Jeffrey,Larson,jlarsongu,88-5679714,5002354371796150
608,Ruby,Carroll,rcarrollgv,,493637437889576080
609,Philip,Kennedy,pkennedygw,,3554879059347469
610,Jeffrey,Chavez,jchavezgx,51-7807705,3528945555324733
611,Carolyn,Daniels,cdanielsgy,,201407360547966
612,Thomas,Dunn,tdunngz,,3552860610235270
613,Ronald,Carpenter,rcarpenterh0,43-4424409,675986070239191398
614,Martin,Hicks,,85-2671701,6709286724785556911
615,Carlos,Brown,cbrownh2,,3570765776393979
616,Rachel,Nguyen,rnguyenh3,07-2555845,4911808471373452
617,Susan,Black,,27-3000937,3554985273314811
618,Philip,Bell,pbellh5,,30330719669991
619,Ralph,Burton,rburtonh6,90-1018796,6709476224779655
620,Janet,Medina,jmedinah7,07-0534564,374283133750208
621,Aaron,Boyd,aboydh8,14-5666375,5010129203605351
622,Deborah,Bailey,dbaileyh9,77-1225406,5020159400459734657
623,Rose,Myers,rmyersha,,4913017709017794
624,Brian,Oliver,boliverhb,40-7997449,67091161148497042
625,Andrew,Franklin,afranklinhc,,4917678309339775
626,Sharon,Griffin,sgriffinhd,,3542464440488572
627,Sarah,Perez,sperezhe,88-9882954,3582359094737756
628,Walter,Gilbert,wgilberthf,00-7633904,3556114266752253
629,Rebecca,Green,rgreenhg,81-7959160,3542351331769493
630,Marilyn,Hernandez,mhernandezhh,,3563292982635225
631,Ryan,Hernandez,rhernandezhi,78-8332086,3570510565980895
632,Gerald,Williamson,gwilliamsonhj,,4175004551139895
633,Jimmy,Rodriguez,jrodriguezhk,70-4512509,3560574071036560
634,Beverly,Gilbert,,47-0748463,6374902689335919
635,Mary,Griffin,mgriffinhm,,5038893858792716009
636,Carolyn,Ruiz,,,377719465276517
637,Harold,Snyder,hsnyderho,14-3410305,3556215670205117
638,Mary,Nelson,mnelsonhp,68-6268344,67593293794232184
639,Carolyn,Gordon,cgordonhq,93-6094353,30329063228487
640,Louis,Dixon,ldixonhr,74-2694153,5457844444470742
641,Wanda,Johnson,wjohnsonhs,,4595493542547
642,Theresa,Graham,,15-9991976,5002358705866217
643,Julia,Kim,jkimhu,,4175001900971341
644,James,Hayes,jhayeshv,,4936806264074106
645,Gary,Duncan,gduncanhw,00-2958959,6759772166097216
646,Philip,Boyd,pboydhx,10-0594764,677194724618549014
647,Dorothy,Stephens,dstephenshy,,3545919892313245
648,Kathryn,Black,,73-2355362,3539868875494720
649,Diane,Anderson,dandersoni0,86-9823698,5007660198532643
650,Benjamin,Edwards,bedwardsi1,79-3841669,3550999708935425
651,Stephen,Reynolds,sreynoldsi2,,36779911550165
652,Jeremy,Bryant,jbryanti3,,6334452979740397414
653,Harold,Murphy,hmurphyi4,71-4556623,6759807443331770
654,Jean,Russell,jrusselli5,21-8590456,201737617611045
655,Joe,Jenkins,jjenkinsi6,47-0772043,5108752607527245
656,Cynthia,Fowler,,02-1072908,5893219926812806
657,Jason,Long,jlongi8,28-9988323,30255232485528
658,Carolyn,Meyer,cmeyeri9,49-2467243,4913294917045350
659,Ashley,Reynolds,areynoldsia,20-7112872,3543780742381424
660,Tammy,Parker,tparkerib,62-0738514,3551687927041898
661,Roy,Kim,rkimic,08-8460743,3570992858587563
662,Ronald,Snyder,rsnyderid,,3565824525996785
663,Louise,Elliott,,54-7803193,3531478685526477
664,Irene,Little,ilittleif,42-7393965,3548539858806854
665,Brandon,Wagner,bwagnerig,46-7981111,6771797123727047
666,Martin,Marshall,mmarshallih,,6334142294067328174
667,Margaret,Nelson,mnelsonii,24-6784885,201497019832414
668,Jack,Duncan,jduncanij,40-2235575,3574110027062386
669,Jonathan,Jenkins,jjenkinsik,,3552580461178102
670,Keith,Richardson,krichardsonil,35-3726641,3578669251784615
671,Diana,Burns,dburnsim,26-1304725,3569242033801767
672,Gary,Jacobs,gjacobsin,43-2753247,3539433091138666
673,Marilyn,Cook,mcookio,13-8103267,3560142932335264
674,Virginia,Fernandez,vfernandezip,52-2631144,3587421346617932
675,Judith,Simmons,jsimmonsiq,,503808571870341333
676,Brenda,Wallace,bwallaceir,,5602257051542717
677,Sara,Walker,swalkeris,17-4992488,56104841232711618
678,Clarence,Nichols,cnicholsit,56-5301262,56022326212675438
679,Ryan,Elliott,,,5220406924053152
680,Samuel,Hart,shartiv,59-9976003,5602245778472003
681,Clarence,Davis,cdavisiw,53-4715639,56022179157753839
682,Arthur,Ryan,aryanix,48-2571353,5002358532090320
683,Harold,Snyder,hsnyderiy,,3579019906919753
684,Janet,Bishop,,63-6362895,677150587358381498
685,Raymond,Arnold,rarnoldj0,24-6012109,5100173450049203
686,Marilyn,Hall,mhallj1,,4175001690334114
687,Kelly,Long,klongj2,73-1705113,06046901637342587
688,Robin,Hayes,,10-8247462,3555848162737972
689,George,Scott,gscottj4,,3576912863995506
690,Alice,Ramos,,,67632302671217326
691,Harry,Thompson,,04-8889302,3564825260603735
692,Patricia,Montgomery,,16-5704128,5602220374819906620
693,Andrea,Cox,acoxj8,99-1305153,4017954709523568
694,Steve,Johnson,sjohnsonj9,,374622232963487
695,Annie,Lane,alaneja,,3572155936585052
696,Judy,Rodriguez,jrodriguezjb,34-6319349,3541902710240919
697,Howard,Elliott,,28-3276094,3543225283219344
698,Nicholas,Lewis,nlewisjd,55-0587662,4041373642309094
699,Sarah,Pierce,spierceje,,4508698104629076
700,Kevin,Cook,kcookjf,14-2225875,6334359866572374153
701,Walter,Anderson,wandersonjg,,30568102259132
702,Patrick,Willis,pwillisjh,,6334329650905638
703,John,Cole,jcoleji,66-0018438,5038801820960389
704,William,Garrett,wgarrettjj,,50189541311692702
705,Katherine,Meyer,kmeyerjk,00-0493262,5602250075301947
706,Christina,Roberts,crobertsjl,21-1780373,374288515304466
707,Billy,Henderson,bhendersonjm,27-5893770,30085359511222
708,Kathryn,Simmons,ksimmonsjn,34-8279262,30361769074469
709,Gerald,Henry,ghenryjo,44-1034950,3555378046489269
710,Joan,Henderson,jhendersonjp,,3555370532479631
711,John,Banks,jbanksjq,49-3356240,5100179547577122
712,Mary,Carter,mcarterjr,73-2630403,6382761338926886
713,Mildred,Roberts,mrobertsjs,80-0906441,4041594631438780
714,Kathryn,Torres,ktorresjt,65-4718757,5610410572298661
715,Randy,Ryan,,38-4290717,337941361295230
716,Janet,Lane,,84-9910933,3538906764700095
717,Carol,Lopez,,39-8429998,4405989974917814
718,Billy,Hill,bhilljx,22-8905733,4026301039462290
719,Janet,Hunter,jhunterjy,62-2899589,5100246068558599
720,Sarah,Evans,sevansjz,04-3150122,3582136485984696
721,Philip,Cook,pcookk0,23-5712170,56022165374026984
722,Louis,Richards,lrichardsk1,,3572765703447169
723,Frances,Fowler,ffowlerk2,48-9540793,5602234548521851
724,Louis,Kennedy,lkennedyk3,,3563898754125433
725,Willie,Chavez,,90-0973913,676316527499218046
726,Carl,Reyes,creyesk5,58-8759623,3547187019434678
727,Debra,Walker,dwalkerk6,19-9630386,30051618466533
728,Gloria,Hawkins,ghawkinsk7,14-8437611,3568748940075841
729,Walter,Kelley,,,374283526945993
730,Julia,Barnes,jbarnesk9,41-4371630,3571415347840525
731,Randy,Fowler,rfowlerka,38-4914053,5100147322900058
732,George,Ford,gfordkb,,30569103681134
733,Arthur,Shaw,ashawkc,65-1071321,3553197653703230
734,Joyce,Rogers,jrogerskd,31-4844555,6374796524052535
735,Ruby,Burke,rburkeke,09-3997119,3541127600622717
736,Joshua,Johnson,,33-8783434,374288237702963
737,Tina,Weaver,,22-6979004,3563206334228695
738,Cynthia,Kim,ckimkh,76-3221699,6771540905357629
739,Raymond,Montgomery,rmontgomeryki,27-6392072,3565808039847238
740,Diane,Matthews,,,5463203705680246
741,Marie,Arnold,marnoldkk,93-3014197,3544484729831704
742,Joshua,Cunningham,,83-6546752,5515392837174513
743,Ruby,Jenkins,rjenkinskm,62-0972893,491195716736735793
744,Walter,Perkins,,64-6113376,6767157239149212
745,Phyllis,Murphy,pmurphyko,85-6680700,633110531512186783
746,Carol,Russell,crussellkp,07-9158486,58935544589375893
747,Antonio,Wallace,awallacekq,69-5796807,3584495101967594
748,Ernest,Jacobs,ejacobskr,51-9805792,3531922927196573
749,Jesse,Morales,,34-6233870,3572527051534273
750,Melissa,Harper,mharperkt,29-6141746,3556912778139608
751,Wanda,Bradley,,,5100172507245327
752,Arthur,Scott,ascottkv,63-9406763,4076851461350057
753,Sandra,Bell,sbellkw,19-8258082,5002353804331411
754,Ruby,Armstrong,rarmstrongkx,70-3781231,6331105158534002
755,Stephen,Garrett,sgarrettky,26-9948995,3579058420819321
756,Sarah,Castillo,scastillokz,35-9970682,3568950919450043
757,Kevin,Graham,kgrahaml0,65-3550710,3582827720831698
758,Edward,Ramirez,eramirezl1,15-0996265,4508906541922917
759,Adam,Gordon,,,36640148001820
760,Lois,Baker,,,5602254473990780
761,Jean,Snyder,jsnyderl4,13-2659800,5108751294554389
762,Russell,Ward,rwardl5,,4911475412700985
763,Harold,Howell,hhowelll6,,6388775362404622
764,Frances,Moore,,68-3582655,3576008246576319
765,Cheryl,Diaz,cdiazl8,34-8997286,5641828124589769284
766,Sean,Anderson,sandersonl9,43-5362161,3554206184032982
767,Sharon,Simpson,,89-0495600,3575288166934869
768,Marie,Campbell,mcampbelllb,,374288663150364
769,Daniel,Cooper,,01-4337674,5544994812572051
770,Peter,Rodriguez,prodriguezld,30-5680421,490316948484900503
771,Joseph,Stone,jstonele,,677130089573818664
772,Joyce,Berry,jberrylf,19-1577831,3571911231109803
773,Sean,Lee,sleelg,,6378029095902672
774,Janet,Bell,jbelllh,38-9911522,5145086259907339
775,Alan,Washington,awashingtonli,36-8870300,5292524711116827
776,Pamela,Watson,,,4508477994969102
777,Timothy,Brooks,tbrookslk,14-4304440,3555555966396786
778,Joe,Shaw,jshawll,96-4518060,337941697358322
779,Heather,Pierce,hpiercelm,15-7255963,5010128369452590
780,Jane,Franklin,jfranklinln,26-8506994,3556204400505574
781,Todd,Fox,tfoxlo,26-8838752,5610184654353351
782,Evelyn,Wright,ewrightlp,77-6864952,3553924825009794
783,Cheryl,Ellis,cellislq,07-6436820,30044730595693
784,Amy,Hanson,,03-6632541,3539019574960344
785,Antonio,Green,,14-8705666,3572912068520459
786,Jeremy,Reyes,jreyeslt,49-5549765,3570603813467946
787,Steven,Powell,spowelllu,06-8547167,3540743894114350
788,Kathryn,Henry,khenrylv,21-6524863,5464832811672876
789,Evelyn,Phillips,ephillipslw,31-0612654,3585479846294430
790,Fred,Lawrence,flawrencelx,30-9741979,3589014146634229
791,Debra,Daniels,ddanielsly,,5538900496327272
792,Joyce,Rodriguez,jrodriguezlz,,5007669991793138
793,Sara,Lee,,,6709629385506040
794,Deborah,Spencer,dspencerm1,04-5961108,374622216593284
795,Tammy,Cox,tcoxm2,61-9146809,5100174733779103
796,Steven,Carpenter,,,5401864182202476
797,Jonathan,Sanders,jsandersm4,,3539294532783126
798,Edward,Green,egreenm5,45-5975545,3533363224965584
799,Stephen,Adams,sadamsm6,80-9316050,6759888520063311319
800,Martha,Gonzalez,mgonzalezm7,86-8568201,3555182157052761
801,Julie,Perez,jperezm8,76-1316367,373897431032216
802,Ann,Lewis,alewism9,84-3968476,6709191391678367725
803,Henry,Cruz,hcruzma,91-5225711,3576824777481038
804,Joyce,George,jgeorgemb,61-6654724,56022220294515093
805,Harold,Barnes,,,30592782001002
806,Martha,Rogers,mrogersmd,37-5505223,3528217336225401
807,Sarah,Williamson,swilliamsonme,84-3323023,3558990157370711
808,Billy,Ramos,bramosmf,,3564754067942452
809,Alice,Reynolds,areynoldsmg,,4903416636791079
810,Norma,Holmes,nholmesmh,,491138774055217612
811,Jimmy,Bennett,,97-7511929,5602242910570141
812,Brandon,Kelley,bkelleymj,,5557152264394227
813,Philip,Weaver,pweavermk,30-9862919,4405630504828325
814,Ruth,Nelson,rnelsonml,65-7203398,5602210140986601
815,Amanda,Henderson,ahendersonmm,,3529793169039662
816,Stephen,Ray,sraymn,60-5710454,5544364506697962
817,Bobby,Wheeler,,,3536022999861538
818,Nicholas,Simmons,,,3530763355349818
819,Nicholas,Murphy,nmurphymq,43-6107662,3573792100988529
820,Laura,Banks,lbanksmr,79-6966682,4175006720033008
821,Edward,Mills,emillsms,23-8563170,6331107386544498
822,Anthony,Mills,amillsmt,,5010126697101921
823,Peter,Baker,pbakermu,40-4221184,30045091753268
824,Lisa,Chavez,lchavezmv,40-2267151,3584615662066755
825,Antonio,Griffin,agriffinmw,50-6401341,50180304786717333
826,Virginia,Hamilton,vhamiltonmx,08-4254171,3566037461088124
827,Michelle,Simmons,,,3585283693442310
828,Catherine,Wood,cwoodmz,12-7327711,372301156981278
829,Lori,Owens,,26-9669108,3559076147388069
830,Sara,Duncan,sduncann1,53-0800639,564182927934960369
831,Joshua,Thompson,jthompsonn2,80-3884859,3560798816790088
832,Katherine,Wright,kwrightn3,75-1350560,3571868210827039
833,Mark,Wells,mwellsn4,20-4509702,5238879950665372
834,Howard,Harvey,,28-4792741,63040873251023768
835,Patricia,Holmes,pholmesn6,45-8035062,5010126561629486
836,Louise,Walker,lwalkern7,37-7034184,3542613316153989
837,Elizabeth,Wilson,ewilsonn8,,560221497669363222
838,Douglas,Campbell,dcampbelln9,,3586728495844443
839,Bonnie,Carter,bcarterna,,6304868426959938
840,Linda,Bishop,lbishopnb,28-0378790,3533551341828806
841,Steven,Hawkins,shawkinsnc,,3538579804062329
842,Marilyn,Hunt,mhuntnd,,4911756596424231
843,Albert,Harrison,,75-3062441,5597103368187795
844,Sharon,Kennedy,skennedynf,,5610873757113056
845,Pamela,Phillips,pphillipsng,59-6922994,3586483501355550
846,Wayne,Gordon,,43-3674917,6394949591453476
847,Wanda,Cook,,86-3374050,3577532250570909
848,Andrea,Roberts,arobertsnj,03-8913311,4903151851610486
849,Keith,Ramos,kramosnk,,5602259551229944
850,Ruth,Green,rgreennl,,3555345646326407
851,Stephanie,King,skingnm,88-2507598,3555146921292003
852,Ryan,Myers,rmyersnn,27-3814839,4936508838000840422
853,Raymond,Graham,,,347267389359230
854,Virginia,Moreno,vmorenonp,23-1892067,3532435486274177
855,Rachel,Payne,,11-0771661,676291609024037551
856,Shirley,Torres,storresnr,03-3441647,5602239369950303
857,Ashley,Fields,afieldsns,,3557692562396361
858,Benjamin,Jenkins,bjenkinsnt,33-5328599,6397999952503036
859,Stephen,Flores,sfloresnu,86-6246989,30206077861547
860,Carolyn,Stone,cstonenv,72-7260008,3557252912967021
861,Henry,Sullivan,hsullivannw,,3556360069833358
862,Brandon,Willis,bwillisnx,59-7359170,560224198612118112
863,Donna,Hamilton,dhamiltonny,,3560804575295390
864,Ann,Campbell,acampbellnz,,3547473469620200
865,Jean,Austin,,,5100146755586921
866,Jonathan,Stanley,jstanleyo1,,3578765074172390
867,Christina,Daniels,cdanielso2,38-2417259,3529827547310419
868,Alice,Thompson,,78-3732458,372301131817076
869,Lori,Foster,lfostero4,55-4222415,3540044477267610
870,Deborah,Willis,dwilliso5,44-7871862,5520788646340604
871,Joyce,Roberts,jrobertso6,98-9265958,3532088614165690
872,Katherine,Hansen,khanseno7,19-9048436,4913663492301489
873,Evelyn,Henderson,ehendersono8,78-5366469,5182368596290916
874,Mark,Franklin,mfranklino9,,3566013483264001
875,Kelly,Adams,kadamsoa,93-3358193,5602258347830239
876,Anthony,Morgan,amorganob,17-0816093,6331105417891595152
877,Marilyn,Walker,mwalkeroc,12-2196184,3536561065193953
878,Debra,Ryan,dryanod,59-3971133,6333711506359737785
879,Patricia,Duncan,pduncanoe,65-8385135,5583668017940352
880,Doris,Peterson,dpetersonof,16-7133396,3552091630847155
881,Justin,Bowman,jbowmanog,23-2663158,30074564913563
882,Stephen,Cruz,scruzoh,15-4018353,3588507392748057
883,Russell,Howard,rhowardoi,11-9125153,4508282514689325
884,Jean,Thompson,jthompsonoj,,5602223344939052
885,Louis,Gonzalez,lgonzalezok,93-3355416,3560643323595895
886,Martha,Mitchell,mmitchellol,28-7404060,3550989724492931
887,Aaron,Stone,astoneom,79-2563032,5574645836502317
888,Jacqueline,Morrison,jmorrisonon,,3539816573109744
889,Shawn,Thomas,,47-0524976,30590128854340
890,Dorothy,Richardson,drichardsonop,90-9385883,6759359177227050992
891,Albert,Palmer,apalmeroq,27-0521725,633358135718668114
892,Virginia,Ray,vrayor,50-7933490,6378590789136125
893,Earl,Alvarez,ealvarezos,39-1654681,5893607260779265164
894,Lisa,Black,lblackot,29-4117244,6709739024006890584
895,Jerry,Brooks,jbrooksou,,4903844056309278128
896,Scott,Stanley,sstanleyov,,4041370547043158
897,Fred,Edwards,fedwardsow,,63048692399022405
898,Diane,Brown,dbrownox,93-8172270,670938049445810355
899,Ralph,Hansen,rhansenoy,86-0500844,4844112785108205
900,Scott,Montgomery,smontgomeryoz,94-6037102,501855904969344585
901,Samuel,Duncan,sduncanp0,48-3729358,3558394837976262
902,Justin,Johnson,jjohnsonp1,65-3972449,3534415372563535
903,Gary,Garza,,34-5125596,4903236308130996
904,Beverly,Meyer,bmeyerp3,31-1709876,3534625903703570
905,David,Wright,dwrightp4,,6771867663457525092
906,Bruce,Richardson,brichardsonp5,,3564362149190882
907,Timothy,Hart,thartp6,,3559617165384900
908,Gregory,Harris,gharrisp7,,3539751530531914
909,Susan,Ray,srayp8,88-2731647,5048370566608410
910,Julia,Price,jpricep9,57-8883065,676103838174602926
911,Earl,Ramos,eramospa,,3549422912510680
912,Steve,Taylor,,40-1944212,5570839534727201
913,Ronald,Butler,rbutlerpc,76-2715738,3558211635360376
914,Dorothy,West,dwestpd,98-2050952,201422828042690
915,Nancy,Hunter,nhunterpe,75-0459546,5038393526855798041
916,Sara,Bailey,sbaileypf,21-6973112,374622027474534
917,Teresa,Reynolds,treynoldspg,74-5921045,3561602534608730
918,Douglas,Thomas,,99-0830937,6759980868274013
919,Judy,Alvarez,jalvarezpi,11-7672191,3564574702232816
920,Shawn,Baker,sbakerpj,,337941599715744
921,Heather,Holmes,hholmespk,15-8177673,5602217689887080882
922,Donald,Collins,dcollinspl,16-8201629,30165819384145
923,Nicole,Thompson,nthompsonpm,,490364240333303951
924,Jennifer,Morgan,jmorganpn,97-1357525,5048379306210775
925,Shirley,Ford,,,5038853843961449
926,Ernest,Bailey,ebaileypp,92-1686135,6771808081288730
927,Angela,Bell,abellpq,97-5027448,3586838366864253
928,Sean,Nelson,snelsonpr,,3565200943644390
929,Mary,Jacobs,mjacobsps,20-5362093,3571899675995086
930,Anna,Gray,,81-8015376,201977348061272
931,Matthew,Tucker,,09-4183480,3564066137446467
932,Alan,Warren,awarrenpv,,3585049528799384
933,Donald,Wilson,dwilsonpw,79-5729574,3579789930945731
934,Alice,Green,agreenpx,51-8934385,3551348391218211
935,Annie,Campbell,acampbellpy,,3563225096101825
936,Jerry,Young,jyoungpz,28-0687094,3531262809573262
937,Craig,Russell,crussellq0,,6397629509285551
938,Wayne,Sanchez,,29-2126326,3532229598585749
939,Alan,Jordan,ajordanq2,86-3881218,3528417098629945
940,Lillian,Ross,lrossq3,78-2608817,5293571318660557
941,Jonathan,Reed,,16-1242022,3559124115566249
942,Nicole,Mcdonald,nmcdonaldq5,90-8496865,5138797156068582
943,Shirley,Carroll,scarrollq6,,4844116885509030
944,Wayne,Morris,wmorrisq7,,3528097044740697
945,Laura,Torres,ltorresq8,55-1091752,3548510234918903
946,Anthony,George,ageorgeq9,27-7189415,3580923501554179
947,Henry,Edwards,hedwardsqa,72-3905801,3572009235912329
948,Angela,Hunt,ahuntqb,37-5802658,3569074914298957
949,Daniel,Kelly,dkellyqc,00-6857354,3541243130314319
950,Walter,Johnston,wjohnstonqd,,5602249296935400
951,Mark,Morales,,,3586290689560566
952,Kathleen,Little,klittleqf,,3560901605760086
953,Joyce,Nichols,,55-7615267,4905599880627497165
954,Amy,Nichols,anicholsqh,75-3637524,3535887837233996
955,Chris,Roberts,,17-8818801,3530483128362044
956,Brenda,Ford,bfordqj,68-5089087,201892699203854
957,Harold,Bryant,,36-2876568,6331101096757045
958,Lori,Kelly,lkellyql,30-8458188,3558890474351552
959,Kevin,Elliott,kelliottqm,,3538007344197579
960,Julia,Woods,,34-8243892,30320171708296
961,Roy,Nichols,rnicholsqo,49-8508501,201722417370851
962,Catherine,Little,clittleqp,39-2106180,6761898654241930809
963,Christopher,Warren,,04-5019922,4405601515080214
964,Carlos,Moore,cmooreqr,46-5370083,30176057313571
965,Stephen,Sanders,ssandersqs,97-4883815,201487878625652
966,Dorothy,Sims,dsimsqt,31-8650802,3539236845298094
967,Bruce,Kelly,bkellyqu,69-6812431,3555434514393036
968,Sandra,Morales,smoralesqv,20-0556464,30478686491210
969,Paul,Tucker,ptuckerqw,15-7694429,374288680375655
970,Kathy,Cole,kcoleqx,,3569122968532969
971,Roger,Day,rdayqy,71-2183865,30032912346886
972,Philip,Ross,prossqz,04-7491040,3576029013097982
973,Jane,Collins,,87-2129375,3581529657158712
974,Raymond,Perez,rperezr1,64-5782965,6706845084623404026
975,Joan,Hernandez,jhernandezr2,52-7678867,4405062432892431
976,Gloria,Flores,gfloresr3,79-8989681,5007667852924792
977,John,King,jkingr4,58-0807648,3538657494240742
978,Matthew,Cruz,mcruzr5,26-4224350,6385511713503702
979,Jerry,Moreno,jmorenor6,16-0421392,3532011523959987
980,Kelly,Lawson,,06-5977798,3589521674396054
981,Christopher,Snyder,csnyderr8,01-6505759,3546692211917058
982,Jeffrey,Burns,jburnsr9,,201889691584836
983,Kevin,Weaver,kweaverra,09-7181869,3576809999847363
984,Jason,Burns,,,344073370055966
985,Pamela,Allen,pallenrc,70-1360861,201966406184753
986,Jacqueline,Owens,jowensrd,96-9405424,3558657467362916
987,Frank,Powell,fpowellre,67-1039025,3587470307542787
988,Kevin,Bell,kbellrf,82-9524622,5602259245901148
989,Juan,Simpson,jsimpsonrg,,3571589906286393
990,Billy,Phillips,bphillipsrh,45-2055353,3581012804804066
991,Stephen,Foster,sfosterri,51-4178973,5100172429902583
992,Marie,Ortiz,mortizrj,,5602252069753635042
993,Laura,Owens,lowensrk,47-3172769,491157931493276784
994,Janice,Nguyen,jnguyenrl,39-0009721,3588038178411454
995,Carol,Lewis,,,5458734761777036
996,Martin,Peters,mpetersrn,27-2559811,4405546262929636
997,Margaret,Webb,,48-1833485,3585781158803827
998,Jean,Mitchell,jmitchellrp,79-8292897,3579687705997491
999,Rose,Freeman,,46-5825336,4017953341860149
1000,Anna,Jordan,ajordanrr,78-0884815,6376288241604887
